
--
-- Data for Name: tank; Type: TABLE DATA; Schema: public; Owner: brendon
--

INSERT INTO tank (tank_id, water_id, tank_name, user_id, notes, capacity, capacity_id, length, width, depth, dimension_id, updated_on) VALUES (2, 1, 'Reef tank', 1, NULL, 1000, 1, 2000, 650, 700, 1, '2012-10-05 12:43:38');
INSERT INTO tank (tank_id, water_id, tank_name, user_id, notes, capacity, capacity_id, length, width, depth, dimension_id, updated_on) VALUES (3, 2, 'Community tank', 1, NULL, 280, 1, 140, 40, 50, 1, '2012-10-05 12:44:20');
INSERT INTO tank (tank_id, water_id, tank_name, user_id, notes, capacity, capacity_id, length, width, depth, dimension_id, updated_on) VALUES (4, 1, 'Test #2', 1, NULL, 2000, 1, 0, 0, 0, 1, '2012-10-09 14:15:52');
INSERT INTO tank (tank_id, water_id, tank_name, user_id, notes, capacity, capacity_id, length, width, depth, dimension_id, updated_on) VALUES (5, 1, 'Test #3', 1, NULL, 1000, 2, 250, 70, 50, 2, '2012-10-09 15:30:55');
INSERT INTO tank (tank_id, water_id, tank_name, user_id, notes, capacity, capacity_id, length, width, depth, dimension_id, updated_on) VALUES (6, 2, 'Test #4', 1, NULL, 0, 1, 0, 0, 0, 1, '2012-10-09 16:17:32');
INSERT INTO tank (tank_id, water_id, tank_name, user_id, notes, capacity, capacity_id, length, width, depth, dimension_id, updated_on) VALUES (7, 2, 'Test #5', 1, NULL, 0, 1, 0, 0, 0, 1, '2012-10-09 16:18:45');
INSERT INTO tank (tank_id, water_id, tank_name, user_id, notes, capacity, capacity_id, length, width, depth, dimension_id, updated_on) VALUES (8, 2, 'Test #6', 1, NULL, 0, 1, 0, 0, 0, 1, '2012-10-09 16:19:46');
INSERT INTO tank (tank_id, water_id, tank_name, user_id, notes, capacity, capacity_id, length, width, depth, dimension_id, updated_on) VALUES (9, 2, 'Test #7', 1, NULL, 0, 1, 0, 0, 0, 1, '2012-10-09 16:21:00');
INSERT INTO tank (tank_id, water_id, tank_name, user_id, notes, capacity, capacity_id, length, width, depth, dimension_id, updated_on) VALUES (11, 1, 'Test #8', 1, NULL, 0, 1, 0, 0, 0, 1, '2012-10-09 16:26:25');
INSERT INTO tank (tank_id, water_id, tank_name, user_id, notes, capacity, capacity_id, length, width, depth, dimension_id, updated_on) VALUES (13, 1, 'Test #BDOtank', 1, NULL, 0, 1, 0, 0, 0, 1, '2012-10-09 16:42:34');
INSERT INTO tank (tank_id, water_id, tank_name, user_id, notes, capacity, capacity_id, length, width, depth, dimension_id, updated_on) VALUES (14, 1, 'Tank #9', 1, NULL, 1500, 1, 2000, 600, 700, 1, '2012-10-09 17:06:10');
INSERT INTO tank (tank_id, water_id, tank_name, user_id, notes, capacity, capacity_id, length, width, depth, dimension_id, updated_on) VALUES (15, 1, 'Fubartest', 1, NULL, 0, 1, 0, 0, 0, 1, '2012-10-09 18:05:46');
INSERT INTO tank (tank_id, water_id, tank_name, user_id, notes, capacity, capacity_id, length, width, depth, dimension_id, updated_on) VALUES (17, 1, 'My new tank', 1, NULL, 1000, 1, 1500, 700, 500, 1, '2012-10-10 11:32:22');
INSERT INTO tank (tank_id, water_id, tank_name, user_id, notes, capacity, capacity_id, length, width, depth, dimension_id, updated_on) VALUES (19, 1, 'Fubar test 1', 1, NULL, 1500, 1, 1400, 500, 500, 1, '2012-10-10 11:33:32');
INSERT INTO tank (tank_id, water_id, tank_name, user_id, notes, capacity, capacity_id, length, width, depth, dimension_id, updated_on) VALUES (20, 2, 'Fubar test 2', 1, 'fubar test 2 notes.

all done!!!


bye bye....', 1500, 1, 1400, 500, 500, 1, '2012-10-10 15:20:22');
INSERT INTO tank (tank_id, water_id, tank_name, user_id, notes, capacity, capacity_id, length, width, depth, dimension_id, updated_on) VALUES (16, 2, 'AnudderTest', 1, 'notes for AnudderTest tank...


yo ho ho ho hohoh


done

done-de done done done... asdcasdcasdcsadc', 0, 1, 0, 0, 0, 1, '2012-10-10 15:41:01');
INSERT INTO tank (tank_id, water_id, tank_name, user_id, notes, capacity, capacity_id, length, width, depth, dimension_id, updated_on) VALUES (21, 2, 'test xxxxxxxxxx', 1, NULL, 0, 1, 0, 0, 0, 1, '2012-10-10 16:56:37');
INSERT INTO tank (tank_id, water_id, tank_name, user_id, notes, capacity, capacity_id, length, width, depth, dimension_id, updated_on) VALUES (22, 1, 'new added tank test...', 1, NULL, 0, 1, 0, 0, 0, 1, '2012-10-10 16:58:08');
INSERT INTO tank (tank_id, water_id, tank_name, user_id, notes, capacity, capacity_id, length, width, depth, dimension_id, updated_on) VALUES (23, 1, 'my new test tank', 1, NULL, 0, 1, 0, 0, 0, 1, '2012-10-10 17:11:13');
INSERT INTO tank (tank_id, water_id, tank_name, user_id, notes, capacity, capacity_id, length, width, depth, dimension_id, updated_on) VALUES (24, 1, 'fubarbaz', 1, NULL, 0, 1, 0, 0, 0, 1, '2012-10-10 17:54:36');
INSERT INTO tank (tank_id, water_id, tank_name, user_id, notes, capacity, capacity_id, length, width, depth, dimension_id, updated_on) VALUES (25, 1, 'furberrybarrybaz', 1, NULL, 0, 1, 0, 0, 0, 1, '2012-10-10 17:58:11');
INSERT INTO tank (tank_id, water_id, tank_name, user_id, notes, capacity, capacity_id, length, width, depth, dimension_id, updated_on) VALUES (26, 1, 'nuderaddedtankytest', 1, NULL, 0, 1, 0, 0, 0, 1, '2012-10-10 18:01:07');
INSERT INTO tank (tank_id, water_id, tank_name, user_id, notes, capacity, capacity_id, length, width, depth, dimension_id, updated_on) VALUES (27, 1, 'menothertankuhoh', 1, NULL, 0, 1, 0, 0, 0, 1, '2012-10-10 18:09:20');
INSERT INTO tank (tank_id, water_id, tank_name, user_id, notes, capacity, capacity_id, length, width, depth, dimension_id, updated_on) VALUES (28, 2, 'menuddertankyetagain', 1, NULL, 0, 1, 0, 0, 0, 1, '2012-10-10 18:09:39');
INSERT INTO tank (tank_id, water_id, tank_name, user_id, notes, capacity, capacity_id, length, width, depth, dimension_id, updated_on) VALUES (29, 2, 'onemoretankok?', 1, NULL, 0, 1, 0, 0, 0, 1, '2012-10-10 18:13:13');
INSERT INTO tank (tank_id, water_id, tank_name, user_id, notes, capacity, capacity_id, length, width, depth, dimension_id, updated_on) VALUES (30, 1, 'sumUdderTankNaow....', 1, NULL, 0, 1, 0, 0, 0, 1, '2012-10-10 18:16:31');
INSERT INTO tank (tank_id, water_id, tank_name, user_id, notes, capacity, capacity_id, length, width, depth, dimension_id, updated_on) VALUES (31, 1, 'bleargh', 1, NULL, 0, 1, 0, 0, 0, 1, '2012-10-10 18:18:11');
INSERT INTO tank (tank_id, water_id, tank_name, user_id, notes, capacity, capacity_id, length, width, depth, dimension_id, updated_on) VALUES (32, 1, 'TiranaBoomToday!', 1, NULL, 0, 1, 0, 0, 0, 1, '2012-10-10 18:22:15');
INSERT INTO tank (tank_id, water_id, tank_name, user_id, notes, capacity, capacity_id, length, width, depth, dimension_id, updated_on) VALUES (33, 1, 'TiranaBoomTodayyyyy', 1, NULL, 0, 1, 0, 0, 0, 1, '2012-10-10 18:24:08');
INSERT INTO tank (tank_id, water_id, tank_name, user_id, notes, capacity, capacity_id, length, width, depth, dimension_id, updated_on) VALUES (35, 1, 'blarghblarghblargh', 1, NULL, 0, 1, 0, 0, 0, 1, '2012-10-10 18:25:09');
INSERT INTO tank (tank_id, water_id, tank_name, user_id, notes, capacity, capacity_id, length, width, depth, dimension_id, updated_on) VALUES (36, 1, 'ascdasdcsdcasdasdcasdc', 1, NULL, 0, 1, 0, 0, 0, 1, '2012-10-10 18:26:47');


--
-- Data for Name: water_tests; Type: TABLE DATA; Schema: public; Owner: brendon
--

INSERT INTO water_tests (test_id, tank_id, user_id, test_date, result_salinity, result_ph, result_ammonia, result_nitrite, result_nitrate, result_calcium, result_phosphate, result_magnesium, result_kh, result_alkalinity, water_change, notes) VALUES (91, 2, 1, '2011-09-13', 0.035, 8.2, 0, 0, 5, 1440, 0.03, 550, 9, 1.7, 200, 'Sample test results #1');
INSERT INTO water_tests (test_id, tank_id, user_id, test_date, result_salinity, result_ph, result_ammonia, result_nitrite, result_nitrate, result_calcium, result_phosphate, result_magnesium, result_kh, result_alkalinity, water_change, notes) VALUES (92, 2, 1, '2011-09-20', 0.033, 8.0, 0, 0, 15, 1200, 0.03, 550, 9, 1.7, 200, 'Sample test results #2');
INSERT INTO water_tests (test_id, tank_id, user_id, test_date, result_salinity, result_ph, result_ammonia, result_nitrite, result_nitrate, result_calcium, result_phosphate, result_magnesium, result_kh, result_alkalinity, water_change, notes) VALUES (93, 2, 1, '2011-09-27', 0.034, 8.2, 0, 0, 15, 1350, 0.03, 550, 9, 1.7, 200, 'Sample test results #3');
INSERT INTO water_tests (test_id, tank_id, user_id, test_date, result_salinity, result_ph, result_ammonia, result_nitrite, result_nitrate, result_calcium, result_phosphate, result_magnesium, result_kh, result_alkalinity, water_change, notes) VALUES (94, 2, 1, '2011-10-04', 0.037, 8.2, 0, 0, 0, 1400, 0.03, 550, 8, 1.7, 200, 'Sample test results #4');
INSERT INTO water_tests (test_id, tank_id, user_id, test_date, result_salinity, result_ph, result_ammonia, result_nitrite, result_nitrate, result_calcium, result_phosphate, result_magnesium, result_kh, result_alkalinity, water_change, notes) VALUES (95, 2, 1, '2011-10-11', 0.034, 8.0, 0, 0, 0, 1400, 0.03, 550, 9, 1.6, 200, 'Sample test results #5');
INSERT INTO water_tests (test_id, tank_id, user_id, test_date, result_salinity, result_ph, result_ammonia, result_nitrite, result_nitrate, result_calcium, result_phosphate, result_magnesium, result_kh, result_alkalinity, water_change, notes) VALUES (96, 2, 1, '2011-10-18', 0.035, 8.2, 0, 0, 0, 1400, 0.03, 550, 8, 1.6, 200, 'Sample test results #6');
INSERT INTO water_tests (test_id, tank_id, user_id, test_date, result_salinity, result_ph, result_ammonia, result_nitrite, result_nitrate, result_calcium, result_phosphate, result_magnesium, result_kh, result_alkalinity, water_change, notes) VALUES (97, 2, 1, '2011-10-25', 0.035, 8.0, 0, 0, 5, 1375, 0.03, 550, 8, 1.6, 200, 'Sample test results #7');
INSERT INTO water_tests (test_id, tank_id, user_id, test_date, result_salinity, result_ph, result_ammonia, result_nitrite, result_nitrate, result_calcium, result_phosphate, result_magnesium, result_kh, result_alkalinity, water_change, notes) VALUES (98, 2, 1, '2011-11-09', 0.035, 8.0, 0, 0, 5, 1300, 0.03, 550, 8, 1.6, 200, 'Sample test results #8');
INSERT INTO water_tests (test_id, tank_id, user_id, test_date, result_salinity, result_ph, result_ammonia, result_nitrite, result_nitrate, result_calcium, result_phosphate, result_magnesium, result_kh, result_alkalinity, water_change, notes) VALUES (99, 2, 1, '2011-11-16', 0.036, 8.0, 0, 0, 5, 1200, 0.03, 550, 9, 1.7, 200, 'Sample test results #9');
INSERT INTO water_tests (test_id, tank_id, user_id, test_date, result_salinity, result_ph, result_ammonia, result_nitrite, result_nitrate, result_calcium, result_phosphate, result_magnesium, result_kh, result_alkalinity, water_change, notes) VALUES (100, 2, 1, '2011-11-24', 0.036, 8.0, 0, 0, 10, 1440, 0.03, 550, 7, 1.7, 200, 'Sample test results #10');
INSERT INTO water_tests (test_id, tank_id, user_id, test_date, result_salinity, result_ph, result_ammonia, result_nitrite, result_nitrate, result_calcium, result_phosphate, result_magnesium, result_kh, result_alkalinity, water_change, notes) VALUES (101, 2, 1, '2011-11-30', 0.035, 8.0, 0, 0, 0, 1440, 0.03, 550, 9, 1.7, 200, 'Sample test results #11');
INSERT INTO water_tests (test_id, tank_id, user_id, test_date, result_salinity, result_ph, result_ammonia, result_nitrite, result_nitrate, result_calcium, result_phosphate, result_magnesium, result_kh, result_alkalinity, water_change, notes) VALUES (102, 2, 1, '2011-12-05', 0.034, 8.2, 0, 0, 5, 1440, 0.03, 550, 8, 1.7, 200, 'Sample test results #12');
INSERT INTO water_tests (test_id, tank_id, user_id, test_date, result_salinity, result_ph, result_ammonia, result_nitrite, result_nitrate, result_calcium, result_phosphate, result_magnesium, result_kh, result_alkalinity, water_change, notes) VALUES (103, 2, 1, '2011-12-12', 0.034, 8.0, 0, 0, 0, 1440, 0.03, 550, 8, 1.7, 200, 'Sample test results #13');
INSERT INTO water_tests (test_id, tank_id, user_id, test_date, result_salinity, result_ph, result_ammonia, result_nitrite, result_nitrate, result_calcium, result_phosphate, result_magnesium, result_kh, result_alkalinity, water_change, notes) VALUES (104, 2, 1, '2011-12-19', 0.035, 8.2, 0, 0, 5, 1440, 0.03, 550, 9, 1.7, 200, 'Sample test results #14');
INSERT INTO water_tests (test_id, tank_id, user_id, test_date, result_salinity, result_ph, result_ammonia, result_nitrite, result_nitrate, result_calcium, result_phosphate, result_magnesium, result_kh, result_alkalinity, water_change, notes) VALUES (105, 2, 1, '2011-12-27', 0.034, 8.2, 0, 0, 20, 1440, 0.03, 550, 8, 1.7, 200, 'Sample test results #15');
INSERT INTO water_tests (test_id, tank_id, user_id, test_date, result_salinity, result_ph, result_ammonia, result_nitrite, result_nitrate, result_calcium, result_phosphate, result_magnesium, result_kh, result_alkalinity, water_change, notes) VALUES (106, 2, 1, '2012-01-03', 0.034, 8.0, 0, 0, 0, 1440, 0.03, 550, 8, 1.5, 200, 'Sample test results #16');
INSERT INTO water_tests (test_id, tank_id, user_id, test_date, result_salinity, result_ph, result_ammonia, result_nitrite, result_nitrate, result_calcium, result_phosphate, result_magnesium, result_kh, result_alkalinity, water_change, notes) VALUES (107, 2, 1, '2012-01-11', 0.035, 8.0, 0, 0, 0, 1440, 0.03, 550, 9, 1.5, 200, 'Sample test results #17');
INSERT INTO water_tests (test_id, tank_id, user_id, test_date, result_salinity, result_ph, result_ammonia, result_nitrite, result_nitrate, result_calcium, result_phosphate, result_magnesium, result_kh, result_alkalinity, water_change, notes) VALUES (108, 2, 1, '2012-01-18', 0.035, 8.2, 0, 0, 0, 1440, 0.03, 550, 9, 1.5, 200, 'Sample test results #18');


--
-- Data for Name: tank_diary; Type: TABLE DATA; Schema: public; Owner: brendon
--

INSERT INTO tank_diary (diary_id, tank_id, user_id, diary_date, diary_note, updated_on, test_id) VALUES (13, 16, 1, '2012-10-09 18:13:59', 'Created new tank.', '2012-10-09 18:13:59', NULL);
INSERT INTO tank_diary (diary_id, tank_id, user_id, diary_date, diary_note, updated_on, test_id) VALUES (14, 20, 1, '2012-10-10 11:34:07', 'Created new tank.', '2012-10-10 11:34:07', NULL);
INSERT INTO tank_diary (diary_id, tank_id, user_id, diary_date, diary_note, updated_on, test_id) VALUES (21, 23, 1, '2012-10-10 17:11:12', 'Created new tank.', '2012-10-10 17:11:12', NULL);
INSERT INTO tank_diary (diary_id, tank_id, user_id, diary_date, diary_note, updated_on, test_id) VALUES (22, 24, 1, '2012-10-10 17:54:35', 'Created new tank.', '2012-10-10 17:54:35', NULL);
INSERT INTO tank_diary (diary_id, tank_id, user_id, diary_date, diary_note, updated_on, test_id) VALUES (23, 25, 1, '2012-10-10 17:58:11', 'Created new tank.', '2012-10-10 17:58:11', NULL);
INSERT INTO tank_diary (diary_id, tank_id, user_id, diary_date, diary_note, updated_on, test_id) VALUES (24, 26, 1, '2012-10-10 18:01:07', 'Created new tank.', '2012-10-10 18:01:07', NULL);
INSERT INTO tank_diary (diary_id, tank_id, user_id, diary_date, diary_note, updated_on, test_id) VALUES (25, 27, 1, '2012-10-10 18:09:20', 'Created new tank.', '2012-10-10 18:09:20', NULL);
INSERT INTO tank_diary (diary_id, tank_id, user_id, diary_date, diary_note, updated_on, test_id) VALUES (26, 28, 1, '2012-10-10 18:09:39', 'Created new tank.', '2012-10-10 18:09:39', NULL);
INSERT INTO tank_diary (diary_id, tank_id, user_id, diary_date, diary_note, updated_on, test_id) VALUES (27, 29, 1, '2012-10-10 18:13:13', 'Created new tank.', '2012-10-10 18:13:13', NULL);
INSERT INTO tank_diary (diary_id, tank_id, user_id, diary_date, diary_note, updated_on, test_id) VALUES (28, 30, 1, '2012-10-10 18:16:31', 'Created new tank.', '2012-10-10 18:16:31', NULL);
INSERT INTO tank_diary (diary_id, tank_id, user_id, diary_date, diary_note, updated_on, test_id) VALUES (29, 31, 1, '2012-10-10 18:18:10', 'Created new tank.', '2012-10-10 18:18:10', NULL);
INSERT INTO tank_diary (diary_id, tank_id, user_id, diary_date, diary_note, updated_on, test_id) VALUES (30, 32, 1, '2012-10-10 18:22:15', 'Created new tank.', '2012-10-10 18:22:15', NULL);
INSERT INTO tank_diary (diary_id, tank_id, user_id, diary_date, diary_note, updated_on, test_id) VALUES (31, 33, 1, '2012-10-10 18:24:08', 'Created new tank.', '2012-10-10 18:24:08', NULL);
INSERT INTO tank_diary (diary_id, tank_id, user_id, diary_date, diary_note, updated_on, test_id) VALUES (32, 35, 1, '2012-10-10 18:25:08', 'Created new tank.', '2012-10-10 18:25:08', NULL);
INSERT INTO tank_diary (diary_id, tank_id, user_id, diary_date, diary_note, updated_on, test_id) VALUES (33, 36, 1, '2012-10-10 18:26:47', 'Created new tank.', '2012-10-10 18:26:47', NULL);
INSERT INTO tank_diary (diary_id, tank_id, user_id, diary_date, diary_note, updated_on, test_id) VALUES (124, 2, 1, '2012-10-12 10:55:58', 'Water test.', '2012-10-12 10:55:58', NULL);
INSERT INTO tank_diary (diary_id, tank_id, user_id, diary_date, diary_note, updated_on, test_id) VALUES (125, 2, 1, '2012-10-12 10:55:58', 'Water test.', '2012-10-12 10:55:58', NULL);
INSERT INTO tank_diary (diary_id, tank_id, user_id, diary_date, diary_note, updated_on, test_id) VALUES (126, 2, 1, '2012-10-12 10:55:58', 'Water test.', '2012-10-12 10:55:58', NULL);
INSERT INTO tank_diary (diary_id, tank_id, user_id, diary_date, diary_note, updated_on, test_id) VALUES (127, 2, 1, '2012-10-12 10:55:58', 'Water test.', '2012-10-12 10:55:58', NULL);
INSERT INTO tank_diary (diary_id, tank_id, user_id, diary_date, diary_note, updated_on, test_id) VALUES (128, 2, 1, '2012-10-12 10:55:58', 'Water test.', '2012-10-12 10:55:58', NULL);
INSERT INTO tank_diary (diary_id, tank_id, user_id, diary_date, diary_note, updated_on, test_id) VALUES (129, 2, 1, '2012-10-12 10:55:58', 'Water test.', '2012-10-12 10:55:58', NULL);
INSERT INTO tank_diary (diary_id, tank_id, user_id, diary_date, diary_note, updated_on, test_id) VALUES (130, 2, 1, '2012-10-12 10:55:58', 'Water test.', '2012-10-12 10:55:58', NULL);
INSERT INTO tank_diary (diary_id, tank_id, user_id, diary_date, diary_note, updated_on, test_id) VALUES (131, 2, 1, '2012-10-12 10:55:58', 'Water test.', '2012-10-12 10:55:58', NULL);
INSERT INTO tank_diary (diary_id, tank_id, user_id, diary_date, diary_note, updated_on, test_id) VALUES (132, 2, 1, '2012-10-12 10:55:58', 'Water test.', '2012-10-12 10:55:58', NULL);
INSERT INTO tank_diary (diary_id, tank_id, user_id, diary_date, diary_note, updated_on, test_id) VALUES (133, 2, 1, '2012-10-12 10:55:58', 'Water test.', '2012-10-12 10:55:58', NULL);
INSERT INTO tank_diary (diary_id, tank_id, user_id, diary_date, diary_note, updated_on, test_id) VALUES (134, 2, 1, '2012-10-12 10:55:58', 'Water test.', '2012-10-12 10:55:58', NULL);
INSERT INTO tank_diary (diary_id, tank_id, user_id, diary_date, diary_note, updated_on, test_id) VALUES (135, 2, 1, '2012-10-12 10:55:58', 'Water test.', '2012-10-12 10:55:58', NULL);
INSERT INTO tank_diary (diary_id, tank_id, user_id, diary_date, diary_note, updated_on, test_id) VALUES (136, 2, 1, '2012-10-12 10:55:58', 'Water test.', '2012-10-12 10:55:58', NULL);
INSERT INTO tank_diary (diary_id, tank_id, user_id, diary_date, diary_note, updated_on, test_id) VALUES (137, 2, 1, '2012-10-12 10:55:58', 'Water test.', '2012-10-12 10:55:58', NULL);
INSERT INTO tank_diary (diary_id, tank_id, user_id, diary_date, diary_note, updated_on, test_id) VALUES (138, 2, 1, '2012-10-12 10:55:58', 'Water test.', '2012-10-12 10:55:58', NULL);
INSERT INTO tank_diary (diary_id, tank_id, user_id, diary_date, diary_note, updated_on, test_id) VALUES (139, 2, 1, '2012-10-12 10:55:58', 'Water test.', '2012-10-12 10:55:58', NULL);
INSERT INTO tank_diary (diary_id, tank_id, user_id, diary_date, diary_note, updated_on, test_id) VALUES (140, 2, 1, '2012-10-12 10:55:58', 'Water test.', '2012-10-12 10:55:58', NULL);
INSERT INTO tank_diary (diary_id, tank_id, user_id, diary_date, diary_note, updated_on, test_id) VALUES (141, 2, 1, '2012-10-12 10:55:58', 'Water test.', '2012-10-12 10:55:58', NULL);



--
-- Data for Name: tracker_permission; Type: TABLE DATA; Schema: public; Owner: brendon
--
/*
INSERT INTO tracker_permission (permission_id, name) VALUES (1, 'Add tank');
INSERT INTO tracker_permission (permission_id, name) VALUES (2, 'Edit tank');
INSERT INTO tracker_permission (permission_id, name) VALUES (3, 'Add test');
INSERT INTO tracker_permission (permission_id, name) VALUES (4, 'Edit test');
INSERT INTO tracker_permission (permission_id, name) VALUES (5, 'Add tank');
INSERT INTO tracker_permission (permission_id, name) VALUES (6, 'View');*/



--
-- Data for Name: tracker_role_permission; Type: TABLE DATA; Schema: public; Owner: brendon
--
/*
INSERT INTO tracker_role_permission (role_id, permission_id) VALUES (1, 1);
INSERT INTO tracker_role_permission (role_id, permission_id) VALUES (1, 2);
INSERT INTO tracker_role_permission (role_id, permission_id) VALUES (1, 3);
INSERT INTO tracker_role_permission (role_id, permission_id) VALUES (1, 4);
INSERT INTO tracker_role_permission (role_id, permission_id) VALUES (1, 5);
INSERT INTO tracker_role_permission (role_id, permission_id) VALUES (1, 6);*/


--
-- Name: tracker_role_role_id_seq; Type: SEQUENCE SET; Schema: public; Owner: brendon
--


